{"cameraMode":{"drawMode":0,"name":"Shaded","section":"Shading Mode"},"sceneLighting":true,"audioPlay":false,"sceneViewState":{"showFog":false,"showMaterialUpdate":false,"showSkybox":true,"showFlares":false,"showImageEffects":false,"showParticleSystems":false},"in2DMode":false,"pivot":{"x":-4.863603591918945,"y":2.120677947998047,"z":7.648603439331055},"rotation":{"x":0.12802797555923463,"y":-0.1775078922510147,"z":0.023297328501939775,"w":0.9754815101623535},"size":11.682141304016114,"orthographic":false}