{"cameraMode":{"drawMode":0,"name":"Shaded","section":"Shading Mode"},"sceneLighting":false,"audioPlay":false,"sceneViewState":{"showFog":false,"showMaterialUpdate":false,"showSkybox":false,"showFlares":false,"showImageEffects":false,"showParticleSystems":false},"in2DMode":false,"pivot":{"x":-1.084999918937683,"y":1.869999885559082,"z":-0.6700000762939453},"rotation":{"x":0.12343528121709824,"y":-0.1084357500076294,"z":0.01357058621942997,"w":0.9863202571868897},"size":5.41048002243042,"orthographic":false}